asin,availability,brand,category,created_on,description,description_de,detail_page_url,detail_page_url_de,featured,large_image,large_image_alt,large_image_alt_de,manufacturer,medium_image,medium_image_alt,medium_image_alt_de,meta_description,meta_description_de,popularity,price,publisher,slug,slug_de,title,title_de,updated_on,uuid
,,,1,2021-06-22 08:40:55,,,https://www.amazon.de/gp/product/B07K4XHT38?ie=UTF8&linkCode=sl1&tag=meister002-21&linkId=7f3d2293aa0a9457ba7c0c3b98d05b0f&language=en_GB&ref_=as_li_ss_tl,,,,,,,,,,,,,,,,,,,2021-06-22 08:40:55,7f866304-ad82-489e-adeb-6b45823738d9
,,,1,2021-06-22 08:40:55,,,https://www.amazon.de/gp/product/B07V9LD1HZ?ie=UTF8&linkCode=sl1&tag=meister002-21&linkId=e7162e16eaf19d6ac26f24f8e382c62b&language=en_GB&ref_=as_li_ss_tl,,,,,,,,,,,,,,,,,,,2021-06-22 08:40:55,4a47e0fd-ec4c-42d8-a54c-c1324e72b286
,,,1,2021-06-22 08:40:55,,,https://www.amazon.de/gp/product/B0916XKS9X?ie=UTF8&linkCode=sl1&tag=meister002-21&linkId=937deabd476b45ef941a7997a4272bab&language=en_GB&ref_=as_li_ss_tl,,,,,,,,,,,,,,,,,,,2021-06-22 08:40:55,6594f10c-adae-432a-af15-b9ee0a7a931a
,,,1,2021-06-22 08:40:55,,,https://www.amazon.de/gp/product/B01LY8RWKM?ie=UTF8&linkCode=sl1&tag=meister002-21&linkId=4b5b7f5d3e5c6ca08439057d4780b768&language=en_GB&ref_=as_li_ss_tl,,,,,,,,,,,,,,,,,,,2021-06-22 08:40:55,c8fc5146-0648-40f5-b02b-7bada69baed9
,,,1,2021-06-22 08:40:55,,,https://www.amazon.de/Campingaz-cartridge-overheating-protection-carrying/dp/B07DF2CLML?pd_rd_w=6njyF&pf_rd_p=b1c388c3-48c2-4960-8532-fa8f1477aee9&pf_rd_r=XGK87CBQZN56PNM1EW1K&pd_rd_r=822d04d6-5cfb-4c60-a907-ec5720114e87&pd_rd_wg=k4fYq&pd_rd_i=B07DF2CLML&th=1&linkCode=sl1&tag=meister002-21&linkId=4fbb25b39fe0cea42cdb31d0aa834f0a&language=en_GB&ref_=as_li_ss_tl,,,,,,,,,,,,,,,,,,,2021-06-22 08:40:55,040030e4-e42c-42c5-87d6-37042938d16b
,,,1,2021-06-22 08:40:55,,,https://www.amazon.de/-/en/Powerblock-Sport-90-EXP-Dumbbells/dp/B000XE7Q5A?dchild=1&keywords=powerblock+sport+90+exp+hanteln&qid=1623833341&s=sports&sr=1-1&linkCode=sl1&tag=meister002-21&linkId=f196f1706c51b0183d3560d65ee39d71&language=en_GB&ref_=as_li_ss_tl,,,,,,,,,,,,,,,,,,,2021-06-22 08:40:55,e3637ac5-a7bb-4a41-b3ec-0fd41d17bc37
,,,1,2021-06-22 08:40:55,,,https://www.amazon.de/gp/product/B08SQR7JS5?ie=UTF8&linkCode=sl1&tag=meister002-21&linkId=e2b36d42f57b0e3bb22fe83b010a7186&language=en_GB&ref_=as_li_ss_tl,,,,,,,,,,,,,,,,,,,2021-06-22 08:40:55,41750cd7-14b8-4986-976f-b18cdfad2bad
B01AUWI4PU,, Allibert ,1,2021-06-22 08:40:56,"About this item         Sun lounger in natural and open rattan look, comes with comfortable cushions graphite     Dimensions (W x D x H) approx. 195 x 65 x 22 cm     Cool box Ice Cube     Tested quality     Made from UV-resistant, all-weather, high-quality polypropylene",,https://www.amazon.de/gp/product/B01AUWI4PU?ie=UTF8&linkCode=sl1&tag=meister002-21&linkId=5a63e0e1dea1fdb947cd916d8f984b3b&language=en_GB&ref_=as_li_ss_tl,,,https://images-eu.ssl-images-amazon.com/images/I/41ZHEkIX03L.__AC_SY300_SX300_QL70_ML2_.jpg,Allibert Daytona Rattan Wicker Look Cool Box Ice Cube&nbsp;&ndash;&nbsp;Set of 2&nbsp;Graphite Sun Lounger with Cushion,, Allibert ,https://images-eu.ssl-images-amazon.com/images/I/41ZHEkIX03L.__AC_SY300_SX300_QL70_ML2_.jpg,Allibert Daytona Rattan Wicker Look Cool Box Ice Cube&nbsp;&ndash;&nbsp;Set of 2&nbsp;Graphite Sun Lounger with Cushion,,Allibert Daytona Rattan Wicker Look Cool Box Ice Cube – Set of 2 Graphite Sun Lounger with Cushion: Meisteraffiliateshop Garten,,34 ,, Allibert ,allibert-daytona-rattan-wicker-look-cool-box-ice-cube–set-of-2graphite-sun-lounger-with-cushion,,Allibert Daytona Rattan Wicker Look Cool Box Ice Cube–Set of 2Grap,,2021-06-22 08:40:56,2021fe73-ece2-4126-bb8f-2d8e8addcda5
B092ZLZJVQ,, your GEAR,1,2021-06-22 08:40:56,"Großer Campingschrank mit stabilem Aluminium Gestell und robustem Oxford Bezug. Aufgebaut hat der Schrank die Maße 86 x 47 x 105 cm. 6 Fächer und eine Ablageplatte bieten viel Platz zur Lagerung     Schrank Ausstattung: Stabile Ablage und Bodenplatten | 6 Einlegeböden mit Aluminium Rand | seitliche Aufbewahrungstasche | Front mit 2 großen Türen | Rückwand mit Moskitonetz | vormontierte Deckelplatte | schneller Aufbau ohne Werkzeug     Zeltschrank mit hoher Standsicherheit. 4 höhenverstellbare Nivellier-Füße bieten sicheren Stand. Komfort Vorzeltschrank mit flacher Packmaß-Höhe von 13 cm - ideal für Wohnmobil, Bus, Wohnwagen     Kompakter &amp; leichter Reiseschrank | 6 Einlegeböden: 38,5 x 38,5 cm | Gewicht: 8,3 kg | kleines Packmaß: 86x48x13 cm | Belastbarkeit: 50 kg | große Tasche für leichtes Einpacken | vor Nässe schützen     Indoor &amp; Outdoor universell einsetzbar! Ob im Zelt beim Camping, als Campingküche zum Kochen, am Garten Grill oder zu Hause, der mobile Schrank bietet viel Stauraum, Ablage- und Lagermöglichkeiten",,https://www.amazon.de/dp/B092ZLZJVQ?psc=1&pd_rd_i=B092ZLZJVQ&pd_rd_w=1GCz4&pf_rd_p=b9377742-1edc-4d5e-b680-070f2360d891&pd_rd_wg=Y1Hts&pf_rd_r=3V0K4PJ1DTB7D4VGDQAB&pd_rd_r=6b7f5a24-c8ee-46cd-8ef7-dc60304cae3a&spLa=ZW5jcnlwdGVkUXVhbGlmaWVyPUEzVDNYTklFTU9QTjZEJmVuY3J5cHRlZElkPUEwNzYwOTU2MTVXT1A0RzQzWk5IOCZlbmNyeXB0ZWRBZElkPUEwMTU1NjkzMUg0NTlYWlpPNVJDQiZ3aWRnZXROYW1lPXNwX2RldGFpbCZhY3Rpb249Y2xpY2tSZWRpcmVjdCZkb05vdExvZ0NsaWNrPXRydWU%3D&linkCode=sl1&tag=meister002-21&linkId=ef24526a72be16f542739b0262c5fc5f&language=de_DE&ref_=as_li_ss_tl,,,https://images-eu.ssl-images-amazon.com/images/I/511XGVT8N1S.__AC_SX300_SY300_QL70_ML2_.jpg,your GEAR Campingschrank Ticino 6 F&auml;cher Falt-Schrank Outdoorschrank Camping-K&uuml;che 86x47x105 cm,, your GEAR,https://images-eu.ssl-images-amazon.com/images/I/511XGVT8N1S.__AC_SX300_SY300_QL70_ML2_.jpg,your GEAR Campingschrank Ticino 6 F&auml;cher Falt-Schrank Outdoorschrank Camping-K&uuml;che 86x47x105 cm,,your GEAR Campingschrank Ticino 6 Fächer Falt-Schrank Outdoorschrank Camping-Küche 86x47x105 cm: Meisteraffiliateshop Sport & Freizeit,,,99.95 , your GEAR,your-gear-campingschrank-ticino-6-faecher-falt-schrank-outdoorschrank-camping-kueche-86x47x105-cm,,your GEAR Campingschrank Ticino 6 Fächer Falt-Schrank Outdoorschrank ,,2021-06-22 08:40:56,0e706494-1e78-4e3a-8770-f6aee26c098d
B00S1Q89SU,, Front Runner ,1,2021-06-22 08:40:56,"About this item         With 216 mm, the slimmest roof tent on the market (not including Ladder).     Lightweight, at only 43 kg.     Unfolded, it’s a 1.30 m wide and 2.40 m long roof tent, comfortable for two people.     To attach to the front runner Slimline II roof rack, a front runner roof tent mounting kit is required.     Mattress is included in the tent.",,https://www.amazon.de/Front-Runner-Roof-Top-Tent/dp/B00S1Q89SU?&linkCode=sl1&tag=meister002-21&linkId=19de7b98e8fd9cb87c524ff05637804c&language=en_GB&ref_=as_li_ss_tl,,,https://images-eu.ssl-images-amazon.com/images/I/61ZnweL8gHL.__AC_SY300_SX300_QL70_ML2_.jpg,Front Runner Feather-Lite Roof Tent,, Front Runner ,https://images-eu.ssl-images-amazon.com/images/I/61ZnweL8gHL.__AC_SY300_SX300_QL70_ML2_.jpg,Front Runner Feather-Lite Roof Tent,,Front Runner Feather-Lite Roof Tent: Meisteraffiliateshop Sport & Freizeit,,2 ,, Front Runner ,front-runner-feather-lite-roof-tent,,Front Runner Feather-Lite Roof Tent,,2021-06-22 08:40:56,ceb959e5-c116-47df-857b-b399d3854bf0
B00388B500,, Intex ,1,2021-06-22 08:40:56,About this item         Rectangular Frame Pool     Robust and strong film; high stability.     Quick and easy to assemble.     Galvanised and powder-coated pool construction; highly tear-resistant PVC fabric     Contents: Intex Frame Pool Family without Filter Pump,,https://www.amazon.de/gp/product/B00388B500?ie=UTF8&linkCode=sl1&tag=meister002-21&linkId=3fff490b3f4fc4a62945c7173070c5bc&language=en_GB&ref_=as_li_ss_tl,,,https://images-eu.ssl-images-amazon.com/images/I/51Wo9SDLEZL.__AC_SX300_SY300_QL70_ML2_.jpg,"Intex Rectangular Frame Pool, 260 x 160 x 65 cm, blue",, Intex ,https://images-eu.ssl-images-amazon.com/images/I/51Wo9SDLEZL.__AC_SX300_SY300_QL70_ML2_.jpg,"Intex Rectangular Frame Pool, 260 x 160 x 65 cm, blue",,"Intex Rectangular Frame Pool, 260 x 160 x 65 cm, blue: Meisteraffiliateshop Garten",,22248 ,169.70, Intex ,intex-rectangular-frame-pool-260-x-160-x-65-cm-blue,,"Intex Rectangular Frame Pool, 260 x 160 x 65 cm, blue",,2021-06-22 08:40:56,1d79bbd2-af9e-4923-b89c-1cff82001a41
B08HHSW8LT,, Samsung ,1,2021-06-22 08:40:57,About this item                           Hygienic steam program: hygienically clean and bacteria-free – perfect for allergy sufferers.     Digital inverter motor.     Drum cleaning - hygienically pure drum without chemicals.     Diamond care drum – especially gentle and gentle     Device dimensions (W x H x D): 600 x 850 x 550 mm.                See more product details,,https://www.amazon.de/dp/B08HHSW8LT?psc=1&spLa=ZW5jcnlwdGVkUXVhbGlmaWVyPUFQUzg3NjhRTERGRjQmZW5jcnlwdGVkSWQ9QTEwMDgyNTUxQ0oyVk1WUkdMM0xKJmVuY3J5cHRlZEFkSWQ9QTAxNzgwNjcxNFhKUVFCM1laTjhTJndpZGdldE5hbWU9c3BfaHFwX3NoYXJlZCZhY3Rpb249Y2xpY2tSZWRpcmVjdCZkb05vdExvZ0NsaWNrPXRydWU%3D&linkCode=sl1&tag=meister002-21&linkId=af019b522a7e0e04412c331f18169955&language=en_GB&ref_=as_li_ss_tl,,,https://images-eu.ssl-images-amazon.com/images/I/71b44H4sgLL.__AC_SX342_SY445_QL70_ML2_.jpg,Samsung washing machine,, Samsung ,https://images-eu.ssl-images-amazon.com/images/I/71b44H4sgLL.__AC_SX342_SY445_QL70_ML2_.jpg,Samsung washing machine,,Samsung washing machine: Meisteraffiliateshop Large Appliances,,1431 ,389.00, Samsung ,samsung-washing-machine,,Samsung washing machine,,2021-06-22 08:40:57,ce3adfc9-fb8c-4bcc-8dc7-274c5587fdbf
B072VBF6M4,, Oral-B ,1,2021-06-22 08:40:57,About this item         PROTECTS YOUR Gums: The visual pressure control lights up and reduces speed when you exert too much pressure.     The unique round brush head removes up to 100% more plaque than a standard manual toothbrush     2 cleaning modes: daily cleaning and sensitive.     More than 2 weeks of battery life on a single full charge     Always maintain the right cleaning time of 2 minutes with the professional timer.,,https://www.amazon.de/gp/product/B072VBF6M4?ie=UTF8&linkCode=sl1&tag=meister002-21&linkId=67b8ae344d0eaca43ec29709b1d63ef9&language=en_GB&ref_=as_li_ss_tl,,,https://images-eu.ssl-images-amazon.com/images/I/415BvEkRqxL.__AC_SX300_SY300_QL70_ML2_.jpg,"Oral-B PRO 2 2900 Electric toothbrush for extra gum protection thanks to visual pressure control, with 2nd handpiece, black",, Oral-B ,https://images-eu.ssl-images-amazon.com/images/I/415BvEkRqxL.__AC_SX300_SY300_QL70_ML2_.jpg,"Oral-B PRO 2 2900 Electric toothbrush for extra gum protection thanks to visual pressure control, with 2nd handpiece, black",,"Oral-B PRO 2 2900 Electric toothbrush for extra gum protection thanks to visual pressure control, with 2nd handpiece, black: Meisteraffiliateshop Drogerie & Körperpflege",,22227 ,57.14, Oral-B ,oral-b-pro-2-2900-electric-toothbrush-for-extra-gum-protection-thanks-to-visual-pressure-control-with-2nd-handpiece-black,,Oral-B PRO 2 2900 Electric toothbrush for extra gum protection thanks,,2021-06-22 08:40:57,caec79fd-6a8c-4ddc-a7ae-2f1f603e4bb2
B08J6HN3CH,, Apple ,1,2021-06-22 08:40:57,"About this item         With the GPS model, you can answer calls and answer text messages from your wrist.     Measure the oxygen content in your blood with a new sensor and an app.     Check your heart rhythm with the ECG app.     The Always-On Retina display is 2.5 times brighter outdoors when your wrist is below.     The S6 SiP is up to 20% faster than the Series 5     5GHz Wi-Fi and U1 Ultra Broadband Chip     Track your daily activity on the Apple Watch and see your trends in the fitness app on the iPhone.                   Record workouts such as running, walking, cycling, yoga, swimming and dancing.  Floating design  Sync your music, podcasts and audiobooks    Show More",,https://www.amazon.de/gp/product/B08J6HN3CH?ie=UTF8&linkCode=sl1&tag=meister002-21&linkId=b680390867f9de23ef1d87cce5c6abc9&language=en_GB&ref_=as_li_ss_tl,,,https://images-eu.ssl-images-amazon.com/images/I/7124297vM4L.__AC_SY445_SX342_QL70_ML2_.jpg,Apple Watch Series 6 GPS,, Apple ,https://images-eu.ssl-images-amazon.com/images/I/7124297vM4L.__AC_SY445_SX342_QL70_ML2_.jpg,Apple Watch Series 6 GPS,,Apple Watch Series 6 GPS: Meisteraffiliateshop Alle Produkte,,8450 ,, Apple ,apple-watch-series-6-gps,,Apple Watch Series 6 GPS,,2021-06-22 08:40:57,f9bc5c61-c466-4af4-8603-3549d61e7e3e
B07TPRCS4G,, Bestway,1,2021-06-22 08:40:57,"Info zu diesem Artikel         Größe aufgeblasen: 153 x 74 x 28 cm - Maximale Belastbarkeit: 90 kg - Maximale Personenanzahl: ein Erwachsener     Mesh-Liegefläche mit Hängematteneffekt - Aufblasbare Kopfstütze     Ideal für Strand, See oder Pool - Meer erleben mit Bestway - Ob Urlaub im Süden, an Nord- oder Ostsee - Ideal auf Reisen - Leicht verstaubar     Großartig für Erwachsene und Kinder. Spaß pur - ob Strand- oder Poolparty     Lieferumfang – eine Hängematratze / zwei-fach sortiert - eine Auswahl ist leider nicht möglich                Weitere Produktdetails",,https://www.amazon.de/gp/product/B07TPRCS4G?ie=UTF8&linkCode=sl1&tag=meister002-21&linkId=61cb6048c7334e5a5b9efeb8b5df014d&language=de_DE&ref_=as_li_ss_tl,,,https://images-eu.ssl-images-amazon.com/images/I/81FzhydrJYL.__AC_SX300_SY300_QL70_ML2_.jpg,"Bestway 43103 Luftmatratze H&auml;ngematte, 160 x 84 cm, Sortiert",, Bestway,https://images-eu.ssl-images-amazon.com/images/I/81FzhydrJYL.__AC_SX300_SY300_QL70_ML2_.jpg,"Bestway 43103 Luftmatratze H&auml;ngematte, 160 x 84 cm, Sortiert",,"Bestway 43103 Luftmatratze Hängematte, 160 x 84 cm, Sortiert bei Meisteraffiliateshop.com| Günstiger Preis | Kostenloser Versand ab 29€ für ausgewählte Artikel",,2305 ,11.16 , Bestway,bestway-43103-luftmatratze-haengematte-160-x-84-cm-sortiert,,"Bestway 43103 Luftmatratze Hängematte, 160 x 84 cm, Sortiert",,2021-06-22 08:40:57,1b337c38-2b2b-40f7-abff-55e2265121e1
B08L5QZ696,, Apple ,1,2021-06-22 08:40:57,"About this item         6.1 inch Super Retina XDR display (15.5 cm diagonal).     Ceramic shield that can withstand more than any smartphone glass.     5G for super-fast downloads and streaming of the highest quality.     A14 Bionic, the fastest chip in a smartphone     Advanced Dual Camera System with 12MP Ultra Wide Angle and Wide Angle Lens, Night Mode, Deep Fusion, Smart HDR 3, 4K Dolby Vision HDR Recording     12MP TrueDepth Front Camera with Night Mode, 4K Dolby Vision HDR Recording     Industry-leading IP68 water protection                   Supports MagSafe accessories for easy docking and faster wireless charging.  iOS with new widgets on the home screen, the new app media library, app clips and more.    Show More",,https://www.amazon.de/gp/product/B08L5QZ696?ie=UTF8&th=1&linkCode=sl1&tag=meister002-21&linkId=0b7dac6f36858c64c398ebed0240d97c&language=en_GB&ref_=as_li_ss_tl,,,https://images-eu.ssl-images-amazon.com/images/I/71IluxZN8pL.__AC_SY445_SX342_QL70_ML2_.jpg,Apple iPhone 12,, Apple ,https://images-eu.ssl-images-amazon.com/images/I/71IluxZN8pL.__AC_SY445_SX342_QL70_ML2_.jpg,Apple iPhone 12,,Apple iPhone 12: Meisteraffiliateshop Alle Produkte,,3555 ,, Apple ,apple-iphone-12,,Apple iPhone 12,,2021-06-22 08:40:57,12e683ee-707a-49bd-878b-d82e3ef040c4
,,,1,2021-06-22 08:40:57,,,https://www.amazon.de/gp/product/B08662DD58?ie=UTF8&th=1&linkCode=sl1&tag=meister002-21&linkId=03e5c856273dc24070091ce67c3ed26c&language=en_GB&ref_=as_li_ss_tl,,,,,,,,,,,,,,,,,,,2021-06-22 08:40:57,e7b7b11a-d058-45bf-8a9e-aadf28b22776
B074379C7Q,, Logitech,1,2021-06-22 08:40:59,"About this item                           Thanks to the XLR connector, it is perfect for connecting to mixers and USB audio interfaces     Special large diaphragm capacitor capsule with cardioid character for an extremely detailed, focused sound     Blue class A circuit based on JFET for an overtone-rich audio signal     100 Hz high-pass filter for more transparency with less impact noise and vibrations     - 20 dB pad for distortion-free streams even in intense situations",,https://www.amazon.de/Blue-Kondensatormikrofon-Professionelle-Aufnahme-Streaming-Anwendungen/dp/B074379C7Q?&linkCode=sl1&tag=meister002-21&linkId=0e42027f15c536bd3fd27034f7105d9d&language=en_GB&ref_=as_li_ss_tl,,,https://images-eu.ssl-images-amazon.com/images/I/71QqbeyecEL.__AC_SX300_SY300_QL70_ML2_.jpg,Blue Microphones Spark Blackout SL XLR condenser microphone for professional recording and streaming applications,, Logitech,https://images-eu.ssl-images-amazon.com/images/I/71QqbeyecEL.__AC_SX300_SY300_QL70_ML2_.jpg,Blue Microphones Spark Blackout SL XLR condenser microphone for professional recording and streaming applications,,Blue Microphones Spark Blackout SL XLR condenser microphone for professional recording and streaming applications: Meisteraffiliateshop Musical Instruments,,5 ,199.00, Logitech,blue-microphones-spark-blackout-sl-xlr-condenser-microphone-for-professional-recording-and-streaming-applications,,Blue Microphones Spark Blackout SL XLR condenser microphone for profe,,2021-06-22 08:40:59,df98143b-9872-44cb-889d-c65ffb350332
B00B4KNZH0,, little tikes ,1,2021-06-22 08:40:59,"About this item         DIG, BUILD, &amp; POUR - This fantastic sandpit is a much-loved Little Tikes classic! It provides hours of active play and fun for children. Ages: 12 months to 6 years +     USE AS SAND PIT OR POOL - The Turtle Sandbox by Little Tikes is ideal for sunny days and is so versatile it can be used as either a sandpit or a ball pool     LARGE AREA - Your children will enjoy lots of hands-on play as they dig, build, and pour. Large area for lots of sand play. Moulded in detail on the bottom of the sandbox to encourage digging.     REMOVABLE LID - Turtle shell is a removable lid that covers sand area when not in use     TWO MOULDED SEATS - Two seats moulded into the outside of the sandbox do not take away from the sand area. It's perfect for active play and social interaction                See more product details",,https://www.amazon.de/gp/product/B00B4KNZH0?ie=UTF8&linkCode=sl1&tag=meister002-21&linkId=958a05ba5867f80e56de2ef1ff2d7eeb&language=en_GB&ref_=as_li_ss_tl,,,https://images-eu.ssl-images-amazon.com/images/I/71u3Y1vOSaL.__AC_SX300_SY300_QL70_ML2_.jpg,Little Tikes Turtle Sandbox - Outdoor Playset for Toddlers - Safe &amp; Portable - Encourages Creative Play,, little tikes ,https://images-eu.ssl-images-amazon.com/images/I/71u3Y1vOSaL.__AC_SX300_SY300_QL70_ML2_.jpg,Little Tikes Turtle Sandbox - Outdoor Playset for Toddlers - Safe &amp; Portable - Encourages Creative Play,,Little Tikes Turtle Sandbox - Outdoor Playset for Toddlers - Safe & Portable - Encourages Creative Play: Meisteraffiliateshop Spielzeug,,2154 ,78.00, little tikes ,little-tikes-turtle-sandbox-outdoor-playset-for-toddlers-safe-&amp-portable-encourages-creative-play,,Little Tikes Turtle Sandbox - Outdoor Playset for Toddlers - Safe &am,,2021-06-22 08:40:59,ca14c65f-77b7-43cb-8c64-31f716ef3911
B00MMECC9E,, Ultrasport ,1,2021-06-22 08:40:59,"About this item         High-quality complete set - The Ultrasport trampoline is UV- and weather-resistant and includes a robust safety net, padded net poles, secure spring cover and an extremely durable jumping mat.     Fun and games plus training - Our garden trampoline for the whole family is perfect as a fitness, play and training device for young and old. The most effective training for your endurance.     Durable, stable and safe - Hot-dip galvanised steel frame and galvanised steel springs with secure cover are durable, tested and robust.     Dimensions and details - Tested by TÜV (German Technical Inspection Association) and certified with GS and EN71-14; patented anti-tilt, thanks to L-shaped legs; includes spring compressor.",,https://www.amazon.de/-/en/Ultrasport-trampoline-childrens-innovative-weather-resistant/dp/B00MMECC9E?pd_rd_w=V4jtT&pf_rd_p=d0ecb613-4040-45f8-b335-5cd8ff54c281&pf_rd_r=41W9P4BGTKNGAA9MVT4B&pd_rd_r=32917f94-54bf-4b3a-8ed3-48e782ac0506&pd_rd_wg=gCHaV&pd_rd_i=B00MMECC9E&psc=1&linkCode=sl1&tag=meister002-21&linkId=77f16570db364e2d19323a770af2c20b&language=en_GB&ref_=as_li_ss_tl,,,https://images-eu.ssl-images-amazon.com/images/I/911Stl%2ByxxL.__AC_SX300_SY300_QL70_ML2_.jpg,"Ultrasport Gartentrampolin, Outdoor Trampolin, Kindertrampolin, &Oslash; 183-430cm, Sprungfedern oder innovatives Elastik Sprungssystem, inkl. Sicherheitsnetz, Witterungsbest&auml;ndig, Belastbar 100-150 Kg",, Ultrasport ,https://images-eu.ssl-images-amazon.com/images/I/911Stl%2ByxxL.__AC_SX300_SY300_QL70_ML2_.jpg,"Ultrasport Gartentrampolin, Outdoor Trampolin, Kindertrampolin, &Oslash; 183-430cm, Sprungfedern oder innovatives Elastik Sprungssystem, inkl. Sicherheitsnetz, Witterungsbest&auml;ndig, Belastbar 100-150 Kg",,"Ultrasport garden trampoline, outdoor trampoline, children's trampoline, diameter 183-430 cm, springs or innovative elastic jump system, incl. Safety net, weather-resistant, load capacity 100-150 kg., green, 251 cm: Meisteraffiliateshop Sport & Freizeit",,8891 ,218.99, Ultrasport ,ultrasport-gartentrampolin-outdoor-trampolin-kindertrampolin-ø-183-430cm-sprungfedern-oder-innovatives-elastik-sprungssystem-inkl-sicherheitsnetz-witterungsbestaendig-belastbar-100-150-kg,,"Ultrasport Gartentrampolin, Outdoor Trampolin, Kindertrampolin, Ø 183",,2021-06-22 08:40:59,bb7c193c-4018-4632-929b-475948c3593f
B07QSC92NG,, Focusrite ,1,2021-06-22 08:40:59,"                 Zwei der überzeugendsten Mikrofon-Vorverstärker, die die Scarlett-Reihe zu bieten hat – jetzt mit zuschaltbarer Air-Funktion, um deinen Gesangsaufnahmen einen helleren, offeneren Sound zu verpassen     Zwei Instrumenteneingänge mit jeder Menge Headroom für Gitarre oder Bass     Zwei symmetrische Line-Eingänge für den Anschluss von Synthesizern, Drumcomputern und anderen Line-Level-Quellen     Vier symmetrische Line-Ausgänge für klares Monitoring und das Senden von Audio-Signalen an Effekt-Pedale     Leistungsstarke Wandler für Aufnahmen und Mixing bei bis zu 192 kHz/24 Bit                See more product details",,https://www.amazon.de/gp/product/B07QSC92NG?ie=UTF8&th=1&linkCode=sl1&tag=meister002-21&linkId=b0d75ac4118f4125b7bca09e29fc79c0&language=en_GB&ref_=as_li_ss_tl,,,https://images-eu.ssl-images-amazon.com/images/I/71TLLGJoN%2BL.__AC_SY300_SX300_QL70_ML2_.jpg,Focusrite Scarlett 3rd Gen Audio Interface,, Focusrite ,https://images-eu.ssl-images-amazon.com/images/I/71TLLGJoN%2BL.__AC_SY300_SX300_QL70_ML2_.jpg,Focusrite Scarlett 3rd Gen Audio Interface,,Focusrite Scarlett 3rd Gen Audio Interface: Meisteraffiliateshop Musical Instruments,,21045 ,209.00, Focusrite ,focusrite-scarlett-3rd-gen-audio-interface,,Focusrite Scarlett 3rd Gen Audio Interface,,2021-06-22 08:40:59,077ca35d-bd53-4de5-8b89-24c7514976e0
B07PZR3PVB,, Apple ,1,2021-06-22 08:40:59,"About this item         Automatic power on and connect.     Easy setup for all your Apple devices.     Quick access to Siri by simply saying ""Hey Siri"".     Double tap to play a track or jump to the next.     The new Apple H1 chip enables faster wireless connections to your devices.     Quick charging in the case.     Case can be charged with a Lightning connector.                   Rich, high-quality audio and voice playback.  Seamless switching between devices.  Listen and talk all day long with multiple charges from the wireless charging case.    Show More",,https://www.amazon.de/gp/product/B07PZR3PVB?ie=UTF8&linkCode=sl1&tag=meister002-21&linkId=e51d8571f1a12db0fa4eaf959d83bbb8&language=en_GB&ref_=as_li_ss_tl,,,https://images-eu.ssl-images-amazon.com/images/I/71NTi82uBEL.__AC_SY445_SX342_QL70_ML2_.jpg,Apple Airpods with wired loading case,, Apple ,https://images-eu.ssl-images-amazon.com/images/I/71NTi82uBEL.__AC_SY445_SX342_QL70_ML2_.jpg,Apple Airpods with wired loading case,,Apple Airpods with wired loading case: Meisteraffiliateshop Alle Produkte,,102766 ,125.00, Apple ,apple-airpods-with-wired-loading-case,,Apple Airpods with wired loading case,,2021-06-22 08:40:59,1a55a5ee-fb82-4f4e-a842-b2923f796b58
,,,1,2021-06-22 08:40:59,,,https://www.amazon.de/gp/product/B071WPHK16?ie=UTF8&linkCode=sl1&tag=meister002-21&linkId=7b95639a04e5c807d1a48be4a8113f37&language=en_GB&ref_=as_li_ss_tl,,,,,,,,,,,,,,,,,,,2021-06-22 08:40:59,a49cf106-d5c8-4582-aeaa-6d410b7f0c09
B07PD19Y5P,, LG ,1,2021-06-22 08:41:00,"About this item                           Curved (3.8 m radius) AH-IPS panel with HDR10 for PC, 99% sRGB colour space, 10-bit colour depth, consistently brilliant colours and factory calibration.     Ideal replacement for 2 screen solutions due to high resolution of 5120 x 1440 pixels. Replaces 2 x 27 inch QHD monitors.     Versatile connectivity such as 2 x HDMI (with HDCP2.2), DisplayPort1.4, USB-C (with up to 85W PD) and a USB Hub 3.0 (1/2) incl. Quick Charge.     Screen Split divides the screen into up to four sections (on Windows or Mac).     Dual Link displays two or three video sources at the same time.                See more product details",,https://www.amazon.de/gp/product/B07PD19Y5P?ie=UTF8&linkCode=sl1&tag=meister002-21&linkId=3b30fd70c6692c6feef7ec40798a9bc7&language=en_GB&ref_=as_li_ss_tl,,,https://images-eu.ssl-images-amazon.com/images/I/611TXip2z1L.__AC_SY300_SX300_QL70_ML2_.jpg,"LG 49WL95C-W, 124.46 cm / 49 Inch, Curved 32:9 UltraWide&trade; Dual QHD IPS Monitor (HDR10, USB Type-C, DAS Mode, Rich Bass), Black / White",, LG ,https://images-eu.ssl-images-amazon.com/images/I/611TXip2z1L.__AC_SY300_SX300_QL70_ML2_.jpg,"LG 49WL95C-W, 124.46 cm / 49 Inch, Curved 32:9 UltraWide&trade; Dual QHD IPS Monitor (HDR10, USB Type-C, DAS Mode, Rich Bass), Black / White",,"LG 49WL95C-W, 124.46 cm / 49 Inch, Curved 32:9: Meisteraffiliateshop Computers & Accessories",,167 ,, LG ,lg-49wl95c-w-12446-cm-49-inch-curved-329-ultrawide-dual-qhd-ips-monitor-hdr10-usb-type-c-das-mode-rich-bass-black-white,,"LG 49WL95C-W, 124.46 cm / 49 Inch, Curved 32:9 UltraWide™ Dual QHD IP",,2021-06-22 08:41:00,b35b60c5-1828-4183-a14f-d01f4a6cb144
B08Q2CYLTQ,, Apple ,1,2021-06-22 08:41:00,"About this item         A special dynamic driver from Apple delivers Hi‐Fi Audio     Active noise cancellation blocks out outside noises so you can immerse yourself in your music     With the transparency mode, you can hear and respond to your environment     3DAudio with dynamic head tracking ensures surround sound like in the cinema     Computational Audio combines a special acoustic design with the Apple H1Chip for a revolutionary listening experience",,https://www.amazon.de/gp/product/B08Q2CYLTQ?ie=UTF8&linkCode=sl1&tag=meister002-21&linkId=ec38f72f3b1764e973b072495a2e45c0&language=en_GB&ref_=as_li_ss_tl,,,https://images-eu.ssl-images-amazon.com/images/I/81jqUPkIVRL.__AC_SY445_SX342_QL70_ML2_.jpg,Apple AirPods Max,, Apple ,https://images-eu.ssl-images-amazon.com/images/I/81jqUPkIVRL.__AC_SY445_SX342_QL70_ML2_.jpg,Apple AirPods Max,,Apple AirPods Max: Meisteraffiliateshop Alle Produkte,,328 ,492.03, Apple ,apple-airpods-max,,Apple AirPods Max,,2021-06-22 08:41:00,59a4f347-5e76-40ac-9faf-467be861c0f5
,,,1,2021-06-22 08:41:00,,,https://www.amazon.de/gp/product/B07CVP5HMP?ie=UTF8&linkCode=sl1&tag=meister002-21&linkId=2a7975eb264d6395867474f7c352d399&language=en_GB&ref_=as_li_ss_tl,,,,,,,,,,,,,,,,,,,2021-06-22 08:41:00,59f3455b-72f5-4452-afa6-2cb3e4f1fc79
B07ZPML7NP,, Apple,1,2021-06-22 08:41:00,"About this item         Active noise cancellation for immersive sound.     Transparency mode to hear and respond to your environment.     Soft, conical silicone tips in three sizes for a custom fit.     Protected from sweat and water.     Adaptive EQ automatically adjusts music to your ear shape.     Easy setup for all your Apple devices.     Quick access to Siri by simply saying ""Hey Siri"".     The wireless charging case gives you over 24 hours of battery life.",,https://www.amazon.de/gp/product/B07ZPML7NP?ie=UTF8&linkCode=sl1&tag=meister002-21&linkId=db50836552df1e1834d18642348cf8c7&language=en_GB&ref_=as_li_ss_tl,,,https://images-eu.ssl-images-amazon.com/images/I/71zny7BTRlL.__AC_SY445_SX342_QL70_ML2_.jpg,Apple AirPods Pro,, Apple,https://images-eu.ssl-images-amazon.com/images/I/71zny7BTRlL.__AC_SY445_SX342_QL70_ML2_.jpg,Apple AirPods Pro,,Apple AirPods Pro: Meisteraffiliateshop Alle Produkte,,35299 ,194.00, Apple,apple-airpods-pro,,Apple AirPods Pro,,2021-06-22 08:41:00,7172d085-461a-45d7-a24b-185bc591f128
B08N5R6ZGX,, Apple ,1,2021-06-22 08:41:00,"About this item         Apple designed M1 chip for a gigantic performance leap in CPU and GPU and machine learning.     FaceTime HD camera with advanced image signal processor for clearer, sharper video calls.     Do more than ever with up to 18 hours. Battery life:     The 8-Core CPU delivers up to 3.5x faster performance to get projects done faster than ever before.     Up to eight GPU cores with up to 5x faster graphics for graphics-intensive apps and games.     16-core neural engine for advanced machine learning.     8GB shared memory so everything you do is quick and fluid.                   Super-fast SSD storage starts apps and opens files instantly  Fanless design for quiet operation  13.3 inch Retina display (33.78 cm diagonal) with large P3 colour space for vivid images and incredible details in images.    Show More",,https://www.amazon.de/gp/product/B08N5R6ZGX?ie=UTF8&linkCode=sl1&tag=meister002-21&linkId=89f5396d7b36b432c2f03a9ca128f00b&language=en_GB&ref_=as_li_ss_tl,,,https://images-eu.ssl-images-amazon.com/images/I/71jG%2Be7roXL.__AC_SY445_SX342_QL70_ML2_.jpg,"Apple MacBook Air with Apple M1 chip (13 inch, 8GB RAM)",, Apple ,https://images-eu.ssl-images-amazon.com/images/I/71jG%2Be7roXL.__AC_SY445_SX342_QL70_ML2_.jpg,"Apple MacBook Air with Apple M1 chip (13 inch, 8GB RAM)",,"Apple MacBook Air with Apple M1 chip (13 inch, 8GB RAM): Meisteraffiliateshop Alle Produkte",,1681 ,1.185.00, Apple ,apple-macbook-air-with-apple-m1-chip-13-inch-8gb-ram,,"Apple MacBook Air with Apple M1 chip (13 inch, 8GB RAM)",,2021-06-22 08:41:00,02bb44b8-a4b5-40e7-9850-baebfe3bc094
B01M03W1HD,, BOSS ,1,2021-06-22 08:41:01,"                 The unbeatable Boss GT engine in a lightweight and compact baseboard     Contemporary design with no corners or edges, Case is the perfect way to carry around your in gig bag     '""Easy' Select"" and ""easy Edit function for quick selection and Editierung     Power by 4 AA batteries with an operating time of up to 7 hours – ideal for mobile gigs and the street Musician     CTL foot switch and expression pedal connection for optional foot switch/A expression pedal and USB port                See more product details",,https://www.amazon.de/gp/product/B01M03W1HD?ie=UTF8&linkCode=sl1&tag=meister002-21&linkId=6d2a16ee6906cad810d38bff20579542&language=en_GB&ref_=as_li_ss_tl,,,https://images-eu.ssl-images-amazon.com/images/I/71TKJEIpVZL.__AC_SY300_SX300_QL70_ML2_.jpg,Boss GT Fender Reverb Guitar Effects for Electric Guitar,, BOSS ,https://images-eu.ssl-images-amazon.com/images/I/71TKJEIpVZL.__AC_SY300_SX300_QL70_ML2_.jpg,Boss GT Fender Reverb Guitar Effects for Electric Guitar,,Boss GT Fender Reverb Guitar Effects for Electric Guitar: Meisteraffiliateshop Musical Instruments,,795 ,182.00, BOSS ,boss-gt-fender-reverb-guitar-effects-for-electric-guitar,,Boss GT Fender Reverb Guitar Effects for Electric Guitar,,2021-06-22 08:41:01,60df1218-f0a5-43c1-8fbd-46614e142907
,,,1,2021-06-22 08:41:01,,,https://www.amazon.de/-/en/Repuhand-Childrens-Cotton-Swimming-Holiday/dp/B07M63JYL9?_encoding=UTF8&pd_rd_i=B07M63JYL9&pd_rd_r=2b9b650a-62bf-4513-b533-3c7fd29a8756&pd_rd_w=SgBKJ&pd_rd_wg=qgaRl&pf_rd_p=5eef64cf-b3f7-47ed-ae7c-b2fa03dff3ea&pf_rd_r=RY0VQP7KA7ZVHDPDFJFM&psc=1&refRID=RY0VQP7KA7ZVHDPDFJFM&linkCode=sl1&tag=meister002-21&linkId=cf0c4572f4c31552c92b679cd20f520b&language=en_GB&ref_=as_li_ss_tl,,,,,,,,,,,,,,,,,,,2021-06-22 08:41:01,14270449-dcb5-41c4-9a60-9a0ee755ccec
B08MV9RSPC,, M-Audio ,1,2021-06-22 08:41:01,"                 Essential MIDI Keyboard - 61 velocity, semi-weighted keys with aftertouch and assignable zones for playing virtual sampler instruments and synthesizer plugins.     Professional beats - 16 backlit MIDI assignable velocity RGB pads with note repeat for beat production, clip launching, soundboard triggering and more     Total control over your music production - 8 assignable knobs &amp; buttons and 9 assignable faders for tactile MIDI control of virtual instruments, effect plugins, DAWs and more     USEFUL TOOLS - Auto mapping for DAW controls &amp; plugin parameters; Smart Chord &amp; Smart Scale Modes; Arpeggiator; Pitch &amp; Modulation wheels; Sustain pedal input; 5-pin MIDI output.     Complete software production package - Pro Tools | First M-Audio Edition, MPC Beats, Ableton Live Lite, 6 virtual instruments from AIR Music Tech and 7 Akai Professional MPC Expansion Packs                See more product details",,https://www.amazon.de/M-Audio-Oxygen-Pro-61-MIDI-zuweisbaren/dp/B08MV9RSPC?psc=1&th=1&linkCode=sl1&tag=meister002-21&linkId=31d337ab17342d74088ad3d6af752575&language=en_GB&ref_=as_li_ss_tl,,,https://images-eu.ssl-images-amazon.com/images/I/81RUIcIopdL.__AC_SX300_SY300_QL70_ML2_.jpg,"M-Audio Oxygen IV - USB Keyboard and Pad MIDI Controller with Responsive Buttons, VIP 3.0, Ableton Live Lite, SONiVOX Twist, Xpand2",, M-Audio ,https://images-eu.ssl-images-amazon.com/images/I/81RUIcIopdL.__AC_SX300_SY300_QL70_ML2_.jpg,"M-Audio Oxygen IV - USB Keyboard and Pad MIDI Controller with Responsive Buttons, VIP 3.0, Ableton Live Lite, SONiVOX Twist, Xpand2",,"M-Audio Oxygen IV - USB Keyboard and Pad MIDI Controller with Responsive Buttons, VIP 3.0, Ableton Live Lite, SONiVOX Twist, Xpand2: Meisteraffiliateshop Musical Instruments",,1871 ,259.00, M-Audio ,m-audio-oxygen-iv-usb-keyboard-and-pad-midi-controller-with-responsive-buttons-vip-30-ableton-live-lite-sonivox-twist-xpand2,,M-Audio Oxygen IV - USB Keyboard and Pad MIDI Controller with Respons,,2021-06-22 08:41:01,2cb69a00-ad12-4b57-a8cc-4c1d0e6cd903
B078S9R6NP,, WeSkate,1,2021-06-22 08:41:01,"About this item         Board made from 100% 7-ply high-quality maple wood, size 78.5 x 19.5 x 9.5 cm/standard 31 inch skateboard. Ideal for beginners and pros, you can easily practice stunts.     Deck top with anti-slip grip tape. Load: 100 kg. Bearing: ABEC-7 and high performance trucks, all made of aluminium alloy to allow top steering behaviour.     Wheel diameter: 5.5 cm / 2.1"", PU/PVC Wheels, 50 x 36 mm, Hardness: 85 A. Bushings. Super soft polyurethane bushings.     The classic design has been compiled. Take it out of the packaging and use it directly (if necessary, you can adjust the tightness yourself and experience better).     For beginners and professionals. It is recommended to wear protective equipment before exercise.",,https://www.amazon.de/-/en/Skateboard-Beginners-ABEC-7-Bearings-85AWheels-Teenagers/dp/B078S9R6NP?pd_rd_w=N5sFf&pf_rd_p=a4a39702-3e52-471f-bb6a-2dbd6f139cc7&pf_rd_r=G4TNJDN989JNAT71M37N&pd_rd_r=3f38a3d8-4a60-41c5-86cf-18a42f4f47cb&pd_rd_wg=acYOp&pd_rd_i=B07DCJLQYN&psc=1&linkCode=sl1&tag=meister002-21&linkId=2e7e22ebf4526103876ec053a599df7b&language=en_GB&ref_=as_li_ss_tl,,,https://images-eu.ssl-images-amazon.com/images/I/71ZQ4SgJjSL.__AC_SX300_SY300_QL70_ML2_.jpg,"WeSkate Skateboard Complete Wooden Board, 79 x 20&nbsp;cm, for Beginners with ABEC-7&nbsp;Bearings 31 Inch 7-Ply Canadian Maple Wood and 85AWheels for Children, Teenagers and Adults",, WeSkate,https://images-eu.ssl-images-amazon.com/images/I/71ZQ4SgJjSL.__AC_SX300_SY300_QL70_ML2_.jpg,"WeSkate Skateboard Complete Wooden Board, 79 x 20&nbsp;cm, for Beginners with ABEC-7&nbsp;Bearings 31 Inch 7-Ply Canadian Maple Wood and 85AWheels for Children, Teenagers and Adults",,"WeSkate Skateboard Complete Wooden Board, 79 x 20 cm, for Beginners with ABEC-7 Bearings 31 Inch 7-Ply Canadian Maple Wood and 85AWheels for Children, Teenagers and Adults: Meisteraffiliateshop Sport & Freizeit",,1101 ,45.99, WeSkate,weskate-skateboard-complete-wooden-board-79-x-20cm-for-beginners-with-abec-7bearings-31-inch-7-ply-canadian-maple-wood-and-85awheels-for-children-teenagers-and-adults,,"WeSkate Skateboard Complete Wooden Board, 79 x 20cm, for Beginners w",,2021-06-22 08:41:01,7e2464fd-f031-4f61-b207-488ea04904d4
B08JZF7S9T,, Licorne Bike ,1,2021-06-22 08:41:01,"About this item         The perfect mountain bike: The bike is a real everyday hero and for everyday use, the way to work, but also suitable for a tour in the mountains. Thanks to the high-quality Shimano gears, you are guaranteed to climb any mountain with the Licorne bike.     Premium quality: With the optimised derailleur gears, you will experience optimal riding comfort thanks to a clean and gentle transmission. So you are guaranteed to reach your destination regardless of the weather. You will also receive a frame bag and for quick installation a tool set as an accessory.     Unique design: The Licorne Bikes can not only shine with their inner values. With the modern and unique design, the high-quality bikes are a real eye-catcher in any position. With the bicycle from LICORNE Bike, you’re guaranteed to be seen by everyone on the road, thanks to the front / back light that complies with the German Road Traffic Licensing Regulations.     High quality materials: The bike has a robust and durable steel frame, so you can use the bike in any position. In addition, the bike is 85% pre-assembled and you can start cycling immediately after a short adjustment of the brakes and gears.     - - - -",,https://www.amazon.de/Licorne-Bike-Guide-Premium-Mountainbike/dp/B08JZF7S9T?dchild=1&ie=UTF8&keywords=fahrrad&qid=1623847864&refinements=p_72:184747031&rnid=184725031&s=sports&sr=1-5&th=1&linkCode=sl1&tag=meister002-21&linkId=5124a3091affa341a82dce41528ce9e4&language=en_GB&ref_=as_li_ss_tl,,,https://images-eu.ssl-images-amazon.com/images/I/91HNptVZfgL.__AC_SY300_SX300_QL70_ML2_.jpg,"Licorne Bike Premium Mountain Bike Bicycle for Girls, Boys, Men and Women - Shimano 21 Speed Gear - Guide",, Licorne Bike ,https://images-eu.ssl-images-amazon.com/images/I/91HNptVZfgL.__AC_SY300_SX300_QL70_ML2_.jpg,"Licorne Bike Premium Mountain Bike Bicycle for Girls, Boys, Men and Women - Shimano 21 Speed Gear - Guide",,"Licorne Bike Premium Mountain Bike Bicycle for Girls, Boys, Men and Women - Shimano 21 Speed Gear - Guide, yellow, 26: Meisteraffiliateshop Sport & Freizeit",,920 ,239.99, Licorne Bike ,licorne-bike-premium-mountain-bike-bicycle-for-girls-boys-men-and-women-shimano-21-speed-gear-guide,,"Licorne Bike Premium Mountain Bike Bicycle for Girls, Boys, Men and W",,2021-06-22 08:41:01,7ca1e908-eb1d-47ec-81b3-61fab31835a7
,,,1,2021-06-22 08:41:01,,,https://www.amazon.de/-/en/Maxi-Cosi-63300080-FamilyFix-Base-Black/dp/B002SG6PPS?_encoding=UTF8&pd_rd_i=B002SG6PPS&pd_rd_r=8cf680f2-6826-4122-b575-14a3d9c254f4&pd_rd_w=eo9xp&pd_rd_wg=ptFou&pf_rd_p=7fc1561d-0612-4bed-8c08-190ae579830c&pf_rd_r=MQFSTWHCFZ2QC91T25V5&psc=1&refRID=MQFSTWHCFZ2QC91T25V5&linkCode=sl1&tag=meister002-21&linkId=4c764b8b15696367dc979111a15c6fa5&language=en_GB&ref_=as_li_ss_tl,,,,,,,,,,,,,,,,,,,2021-06-22 08:41:01,f63cb09a-d402-4f22-a928-d32a3b419b5a
B092X99F7G,, GO!elements ,1,2021-06-22 08:41:01,"Child-friendly and safe: the Sky Stormer swing from GO!elements is available in many bright colours. The swing seat is ergonomically shaped, lightweight and offers optimal grip due to the non-slip 3D seat surface. All corners and edges are beautifully rounded, so that even with energetic use, the risk of injury is reduced to a minimum     Adjustable length: whether as a toddler swing, or for growing kids, our Sky Stormer swing grows with your child. It is flexibly adjustable up to a rope length of 1.80 m. The swing rope is comfortable for children's hands and is held in place by sturdy clips     Outdoor swing: who doesn't need a playground in the garden these days? Our children's swing is the ideal accessory for the garden swing. Our children's outdoor swing can also be used wonderfully as an indoor swing, e.g. inside the door frame or as a children's room swing     Ready to use: thanks to the included sturdy mounting eyelets on the swing rope, the swing can be quickly attached to any swing frame or other suitable attachments and you're ready to go! The permissible swing weight is 75 kg     Easy care and robust. the rocking board incl. rope and rings are weatherproof and easy to wipe clean. On the back it even has a hole which prevents water from collecting in the inner part. Compared to a wooden board swing, you have no slippery surface and weathering with a plastic swing",,https://www.amazon.de/gp/product/B092X99F7G?ie=UTF8&linkCode=sl1&tag=meister002-21&linkId=97c4e73bb129778e032bf0178703f76f&language=en_GB&ref_=as_li_ss_tl,,,https://images-eu.ssl-images-amazon.com/images/I/71hcqxUsqWS.__AC_SX300_SY300_QL70_ML2_.jpg,"GO!elements Garden Swing, Children's Outdoor or Indoor Swing, Swing Seat, Rocking Board Swing for Children, Height Adjustable, Non-Slip, Various Colours",, GO!elements ,https://images-eu.ssl-images-amazon.com/images/I/71hcqxUsqWS.__AC_SX300_SY300_QL70_ML2_.jpg,"GO!elements Garden Swing, Children's Outdoor or Indoor Swing, Swing Seat, Rocking Board Swing for Children, Height Adjustable, Non-Slip, Various Colours",,"GO!elements Garden Swing, Children's Outdoor or Indoor Swing, Swing Seat, Rocking Board Swing for Children, Height Adjustable, Non-Slip, Various Colours: Meisteraffiliateshop Küche & Haushalt",,98 ,24.99, GO!elements ,go!elements-garden-swing-children-s-outdoor-or-indoor-swing-swing-seat-rocking-board-swing-for-children-height-adjustable-non-slip-various-colours,,"GO!elements Garden Swing, Children's Outdoor or Indoor Swing, Swing S",,2021-06-22 08:41:01,3379049a-5b91-4c22-8f39-85aa120ed5a5
B07WH2HRCR,, Juicy Bumbles,1,2021-06-22 08:41:02,"About this item         No chemicals - Gentle on your baby's skin - Juicy Bumbles reusable nappies are chemical-free. They are made of bamboo, a naturally absorbent fabric, and unlike disposable nappies, they do not contain harmful chemicals such as sodium polyacrylate, which is often used in disposable nappies to absorb baby's urine.     Breathable nappies - No more nappy rash - The reusable nappies are designed to prevent plastic coming into contact with your baby's skin, just our soft bamboo fabric: this allows the baby’s skin to breathe and significantly reduces the risk of nappy rash.     Universal size - The only nappies you need - The Juicy Bumbles reusable nappies are fully adjustable thanks to multiple rows of poppers. You can easily adjust the size of the nappy (i.e. both the waist and the depth). This makes them suitable for use from birth until potty training.     Save a lot of money - Treat yourself or your family - Using reusable nappies can save you more than 1,000 euros from the birth of your baby to when they start toilet training. Just think about what you could do for your family with an extra 1,000 euros.     Help to save the planet - On average, every child will consume the enormous amount of about 6000 disposable nappies, most of which will end up in landfill somewhere. These disposable nappies will take up to 500 years to biodegrade, meaning they will still be on our planet when your baby's great-great-great-great-great-grandson is around. Reusable nappies reduce the amount of 6000 nappies per child to just 12.                See more product details",,https://www.amazon.de/-/en/Set-Reusable-Nappies-Washable-Eco-Friendly/dp/B07WH2HRCR?dchild=1&keywords=bumGenius&qid=1623848036&sr=8-5&th=1&linkCode=sl1&tag=meister002-21&linkId=9e6a307a9bef48f018cad6b04b0ac2b2&language=en_GB&ref_=as_li_ss_tl,,,https://images-eu.ssl-images-amazon.com/images/I/61u0lMkPVvL._SX300_SY300_QL70_ML2_.jpg,Set of 6 Reusable Nappies - Washable Cloth Nappies + 6 Bamboo Nappy Liners + 1 Roll of 100 Washable Nappies Cloths + Wet Bag - Reusable Nappies - 100 % Eco-Friendly Nappies,, Juicy Bumbles,https://images-eu.ssl-images-amazon.com/images/I/61u0lMkPVvL._SX300_SY300_QL70_ML2_.jpg,Set of 6 Reusable Nappies - Washable Cloth Nappies + 6 Bamboo Nappy Liners + 1 Roll of 100 Washable Nappies Cloths + Wet Bag - Reusable Nappies - 100 % Eco-Friendly Nappies,,Set of 6 Reusable Nappies - Washable Cloth Nappies + 6 Bamboo Nappy Liners + 1 Roll of 100 Washable Nappies Cloths + Wet Bag - Reusable Nappies - 100 % Eco-Friendly Nappies: Meisteraffiliateshop Baby,,1145 ,49.99, Juicy Bumbles,set-of-6-reusable-nappies-washable-cloth-nappies-6-bamboo-nappy-liners-1-roll-of-100-washable-nappies-cloths-wet-bag-reusable-nappies-100-eco-friendly-nappies,,Set of 6 Reusable Nappies - Washable Cloth Nappies + 6 Bamboo Nappy L,,2021-06-22 08:41:02,b5d80af7-d342-4fcf-ae28-2a3f232799e5
B08KGQSV4M,, Maxi-Cosi ,1,2021-06-22 08:41:02,"About this item         Maxi-Cosi pushchair suitable from birth up to 22 kg (approx. 4 years).     2-in-1 seat, in just a few seconds, the baby bath can be transformed into a seat with one hand.     Lightweight and easy to steer and manoeuvre around town.     The large shopping basket with discreet pocket allows you to store all your groceries and keep your valuables safe.     With the flexible travel system, every Maxi-Cosi baby car seat can be attached with just two clicks (*baby car seat not included).                See more product details",,https://www.amazon.de/dp/B08KGQSV4M?_encoding=UTF8&aaxitk=cf3c02105815395fca0ccd4e677577ec&hsa_cr_id=1311691370802&pd_rd_plhdr=t&pd_rd_r=34fa3d33-34fe-487d-b913-65743322bdf5&pd_rd_w=UQd4C&pd_rd_wg=CiJzH&linkCode=sl1&tag=meister002-21&linkId=9dfef3c03aa8d7ea1057c81fc63008d7&language=en_GB&ref_=as_li_ss_tl,,,https://images-eu.ssl-images-amazon.com/images/I/414tHvB303L._SX300_SY300_QL70_ML2_.jpg,Maxi-Cosi 1210672301 Maxi-Cosi Zelia Buggy Black,, Maxi-Cosi ,https://images-eu.ssl-images-amazon.com/images/I/414tHvB303L._SX300_SY300_QL70_ML2_.jpg,Maxi-Cosi 1210672301 Maxi-Cosi Zelia Buggy Black,,Maxi-Cosi 1210672301 Maxi-Cosi Zelia Buggy Black: Meisteraffiliateshop Baby,,108 ,319.00, Maxi-Cosi ,maxi-cosi-1210672301-maxi-cosi-zelia-buggy-black,,Maxi-Cosi 1210672301 Maxi-Cosi Zelia Buggy Black,,2021-06-22 08:41:02,d45ee8eb-ea9d-4a99-b163-751f0d7c93aa
B0767BT94V,, Maxi-Cosi ,1,2021-06-22 08:41:02,About this item         Top quality from Maxi-Cosi                See more product details,,https://www.amazon.de/Maxi-Cosi-CabrioFix-Babyschale-Auto-Kindersitz-Baby-Autositz/dp/B0767BT94V?ie=UTF8&pd_rd_i=B0767BT94V&pd_rd_r=00d27aec-4237-412f-94f9-7cc86be08e12&pd_rd_w=xUASY&pd_rd_wg=fT9Kh&pf_rd_p=7fc1561d-0612-4bed-8c08-190ae579830c&pf_rd_r=XQ8RFJYCB26SQVC6GSFT&psc=1&refRID=XQ8RFJYCB26SQVC6GSFT&linkCode=sl1&tag=meister002-21&linkId=4116fe6a4ac3761ece362427808c6f14&language=en_GB&ref_=as_li_ss_tl,,,https://images-eu.ssl-images-amazon.com/images/I/41J%2B-R7mTqL._SX300_SY300_QL70_ML2_.jpg,"Maxi Cosi CabrioFix baby car seat, group 0+, usable from birth - 12 months, approx. 0 - 13 Kg",, Maxi-Cosi ,https://images-eu.ssl-images-amazon.com/images/I/41J%2B-R7mTqL._SX300_SY300_QL70_ML2_.jpg,"Maxi Cosi CabrioFix baby car seat, group 0+, usable from birth - 12 months, approx. 0 - 13 Kg",,"Maxi Cosi CabrioFix baby car seat, group 0+, usable from birth - 12 months, approx. 0 - 13 Kg: Meisteraffiliateshop Baby",,660 ,114.99, Maxi-Cosi ,maxi-cosi-cabriofix-baby-car-seat-group-0-usable-from-birth-12-months-approx-0-13-kg,,"Maxi Cosi CabrioFix baby car seat, group 0+, usable from birth - 12 m",,2021-06-22 08:41:02,d540526d-121f-4800-8c61-b1eb495d8e24
B08F74T656,, Treer,1,2021-06-22 08:41:02,"Info zu diesem Artikel         Schnell trocknend ? keine schweren, nassen Handtücher mehr in Ihrem Strand oder Schwimmbeutel. Dieses Premium Handtuch trocknet schnell, viel schneller als herkömmliche Handtücher, so können Sie es einfach aufhängen und wieder verwenden. Perfekt für Urlaub, Strand, Schwimmen oder Baden     Microfiber Material ? Kinder-Poncho in einem bezaubernden Cartoon-Print, aus Mikrofaser-Material, ultimativer Komfort weich, gute Wasseraufnahme, schnell trocknen und ist kompakt, wirklich leicht, kleines Volumen, einfach zu tragen während der Reise.     Einfacher und diskreter Wechsel ? Mikrofaser Surf Poncho Wickelmantel ist Ihr persönlicher Umkleideraum, perfekt zum Umziehen ohne Blitz und macht das Ein- und Ausziehen des Neoprenanzugs einfach, privat und warm in der Öffentlichkeit.     Schützen Sie Ihr Kind vor Kälte ? mit Kapuze, die hilft, das Haar Ihres Kindes an kalten Tagen zu trocknen.     PFLEGEHINWEIS : Pflegeleicht, Schonwaschgang,Nicht bleichen,Nicht im Trockner trocknen,Bügeln mit geringer Temperatur,Nicht reinigen.Maschinenwaschbar.                Weitere Produktdetails",,https://www.amazon.de/gp/product/B08F74T656?ie=UTF8&linkCode=sl1&tag=meister002-21&linkId=209e8d9440b77d40a56b299acfb8c7b0&language=de_DE&ref_=as_li_ss_tl,,,https://images-eu.ssl-images-amazon.com/images/I/51yg1pSY1LL._SX300_SY300_QL70_ML2_.jpg,"Badeponcho Strandtuch mit Kapuze f&uuml;r Kinder, Treer 3D Cartoon Mikrofaser Bademantel Badetuch Schnelltrocknen Wechselkleider Poncho Handtuch F&uuml;r Jungen M&auml;dchen (60X60cm,Kronenschaf)",, Treer,https://images-eu.ssl-images-amazon.com/images/I/51yg1pSY1LL._SX300_SY300_QL70_ML2_.jpg,"Badeponcho Strandtuch mit Kapuze f&uuml;r Kinder, Treer 3D Cartoon Mikrofaser Bademantel Badetuch Schnelltrocknen Wechselkleider Poncho Handtuch F&uuml;r Jungen M&auml;dchen (60X60cm,Kronenschaf)",,"Meisteraffiliateshop Alles für das Baby - Badeponcho Strandtuch mit Kapuze für Kinder, Treer 3D Cartoon Mikrofaser Bademantel. Gratis Lieferung ab 29€ durch Amazon.",,,8.59 , Treer,badeponcho-strandtuch-mit-kapuze-fuer-kinder-treer-3d-cartoon-mikrofaser-bademantel-badetuch-schnelltrocknen-wechselkleider-poncho-handtuch-fuer-jungen-maedchen-60x60cmkronenschaf,,"Badeponcho Strandtuch mit Kapuze für Kinder, Treer 3D Cartoon Mikrofa",,2021-06-22 08:41:02,76b269c2-4fd1-4487-b72d-70b5a3959318
